{
	"credit": "Made with Blockbench",
	"textures": {
		"0": "custom/gilded_leggings",
		"particle": "custom/gilded_leggings"
	},
	"gui_light":"front",
	"elements": [
		{
			"from": [4, 0, 2],
			"to": [12, 1, 3],
			"faces": {
				"north": {"uv": [12, 2, 4, 3], "texture": "#0"},
				"east": {"uv": [11, 2, 12, 3], "texture": "#0"},
				"south": {"uv": [4, 2, 12, 3], "texture": "#0"},
				"west": {"uv": [4, 2, 5, 3], "texture": "#0"},
				"up": {"uv": [4, 2, 12, 3], "texture": "#0"},
				"down": {"uv": [4, 2, 12, 3], "texture": "#0"}
			}
		},
		{
			"from": [3, 0, 3],
			"to": [13, 1, 7],
			"faces": {
				"north": {"uv": [13, 3, 3, 4], "texture": "#0"},
				"east": {"uv": [9, 15, 5, 16], "texture": "#0"},
				"south": {"uv": [3, 6, 13, 7], "texture": "#0"},
				"west": {"uv": [9, 15, 5, 16], "texture": "#0"},
				"up": {"uv": [3, 3, 13, 7], "texture": "#0"},
				"down": {"uv": [3, 7, 13, 3], "texture": "#0"}
			}
		},
		{
			"from": [9, 0, 7],
			"to": [13, 1, 14],
			"faces": {
				"north": {"uv": [0, 0, 4, 1], "texture": "#missing"},
				"east": {"uv": [16, 15, 9, 16], "texture": "#0"},
				"south": {"uv": [9, 13, 13, 14], "texture": "#0"},
				"west": {"uv": [9, 14, 16, 15], "texture": "#0"},
				"up": {"uv": [9, 7, 13, 14], "texture": "#0"},
				"down": {"uv": [9, 14, 13, 7], "texture": "#0"}
			}
		},
		{
			"from": [3, 0, 7],
			"to": [7, 1, 14],
			"faces": {
				"north": {"uv": [0, 0, 4, 1], "texture": "#missing"},
				"east": {"uv": [0, 1, 7, 2], "texture": "#0"},
				"south": {"uv": [3, 13, 7, 14], "texture": "#0"},
				"west": {"uv": [7, 0, 0, 1], "texture": "#0"},
				"up": {"uv": [3, 7, 7, 14], "texture": "#0"},
				"down": {"uv": [3, 14, 7, 7], "texture": "#0"}
			}
		}
	],
	"display": {
		"thirdperson_righthand": {
			"rotation": [90, 0, 0],
			"translation": [0, 3, 5],
			"scale": [0.55, 0.55, 0.55]
		},
		"thirdperson_lefthand": {
			"rotation": [90, 0, 0],
			"translation": [0, 3, 5],
			"scale": [0.55, 0.55, 0.55]
		},
		"firstperson_righthand": {
			"rotation": [60, 0, 90],
			"translation": [0, 0.5, -3.75]
		},
		"firstperson_lefthand": {
			"rotation": [60, 0, 90],
			"translation": [0, 0.5, -3.75]
		},
		"ground": {
			"rotation": [90, 0, 0],
			"translation": [0, 2, 4],
			"scale": [0.5, 0.5, 0.5]
		},
		"gui": {
			"rotation": [90, 0, 0]
		},
		"fixed": {
			"rotation": [90, 0, 0],
			"translation": [0, 0, 8]
		}
	}
}