{
	"credit": "Made with Blockbench",
	"textures": {
		"0": "custom/gilded_boots",
		"particle": "custom/gilded_boots"
	},
	"elements": [
		{
			"from": [3, 0, 3],
			"to": [5, 1, 13],
			"faces": {
				"north": {"uv": [5, 3, 3, 4], "texture": "#0"},
				"east": {"uv": [10, 0, 0, 1], "texture": "#0"},
				"south": {"uv": [3, 12, 5, 13], "texture": "#0"},
				"west": {"uv": [0, 0, 10, 1], "texture": "#0"},
				"up": {"uv": [3, 3, 5, 13], "texture": "#0"},
				"down": {"uv": [3, 13, 5, 3], "texture": "#0"}
			}
		},
		{
			"from": [5, 0, 4],
			"to": [6, 1, 12],
			"faces": {
				"north": {"uv": [5, 4, 6, 5], "texture": "#0"},
				"east": {"uv": [1, 1, 9, 2], "texture": "#0"},
				"south": {"uv": [5, 11, 6, 12], "texture": "#0"},
				"west": {"uv": [0, 0, 8, 1], "texture": "#missing"},
				"up": {"uv": [5, 4, 6, 12], "texture": "#0"},
				"down": {"uv": [5, 12, 6, 4], "texture": "#0"}
			}
		},
		{
			"from": [6, 0, 6],
			"to": [7, 1, 12],
			"faces": {
				"north": {"uv": [6, 6, 7, 7], "texture": "#0"},
				"east": {"uv": [3, 1, 9, 2], "texture": "#0"},
				"south": {"uv": [6, 11, 7, 12], "texture": "#0"},
				"west": {"uv": [0, 0, 6, 1], "texture": "#missing"},
				"up": {"uv": [6, 6, 7, 12], "texture": "#0"},
				"down": {"uv": [6, 12, 7, 6], "texture": "#0"}
			}
		},
		{
			"from": [2, 0, 9],
			"to": [3, 1, 13],
			"faces": {
				"north": {"uv": [2, 9, 3, 10], "texture": "#0"},
				"east": {"uv": [0, 0, 4, 1], "texture": "#missing"},
				"south": {"uv": [2, 12, 3, 13], "texture": "#0"},
				"west": {"uv": [2, 9, 3, 10], "texture": "#0"},
				"up": {"uv": [2, 9, 3, 13], "texture": "#0"},
				"down": {"uv": [2, 13, 3, 9], "texture": "#0"}
			}
		},
		{
			"from": [1, 0, 10],
			"to": [2, 1, 13],
			"faces": {
				"north": {"uv": [1, 10, 2, 11], "texture": "#0"},
				"east": {"uv": [0, 0, 3, 1], "texture": "#missing"},
				"south": {"uv": [1, 12, 2, 13], "texture": "#0"},
				"west": {"uv": [7, 0, 10, 1], "texture": "#0"},
				"up": {"uv": [1, 10, 2, 13], "texture": "#0"},
				"down": {"uv": [1, 13, 2, 10], "texture": "#0"}
			}
		},
		{
			"from": [11, 0, 3],
			"to": [13, 1, 13],
			"faces": {
				"north": {"uv": [13, 3, 11, 4], "texture": "#0"},
				"east": {"uv": [6, 15, 16, 16], "texture": "#0"},
				"south": {"uv": [11, 12, 13, 13], "texture": "#0"},
				"west": {"uv": [16, 15, 6, 16], "texture": "#0"},
				"up": {"uv": [11, 3, 13, 13], "texture": "#0"},
				"down": {"uv": [11, 13, 13, 3], "texture": "#0"}
			}
		},
		{
			"from": [10, 0, 4],
			"to": [11, 1, 12],
			"faces": {
				"north": {"uv": [10, 4, 11, 5], "texture": "#0"},
				"east": {"uv": [0, 0, 8, 1], "texture": "#missing"},
				"south": {"uv": [10, 11, 11, 12], "texture": "#0"},
				"west": {"uv": [16, 14, 8, 15], "texture": "#0"},
				"up": {"uv": [10, 4, 11, 12], "texture": "#0"},
				"down": {"uv": [11, 12, 10, 4], "texture": "#0"}
			}
		},
		{
			"from": [9, 0, 6],
			"to": [10, 1, 12],
			"faces": {
				"north": {"uv": [9, 6, 10, 7], "texture": "#0"},
				"east": {"uv": [0, 0, 6, 1], "texture": "#missing"},
				"south": {"uv": [9, 11, 10, 12], "texture": "#0"},
				"west": {"uv": [13, 14, 7, 15], "texture": "#0"},
				"up": {"uv": [9, 6, 10, 12], "texture": "#0"},
				"down": {"uv": [9, 12, 10, 6], "texture": "#0"}
			}
		},
		{
			"from": [13, 0, 9],
			"to": [14, 1, 13],
			"faces": {
				"north": {"uv": [13, 9, 14, 10], "texture": "#0"},
				"east": {"uv": [13, 9, 14, 10], "texture": "#0"},
				"south": {"uv": [13, 12, 14, 13], "texture": "#0"},
				"west": {"uv": [0, 0, 4, 1], "texture": "#missing"},
				"up": {"uv": [13, 9, 14, 13], "texture": "#0"},
				"down": {"uv": [13, 13, 14, 9], "texture": "#0"}
			}
		},
		{
			"from": [14, 0, 10],
			"to": [15, 1, 13],
			"faces": {
				"north": {"uv": [14, 10, 15, 11], "texture": "#0"},
				"east": {"uv": [6, 15, 9, 16], "texture": "#0"},
				"south": {"uv": [14, 12, 15, 13], "texture": "#0"},
				"west": {"uv": [0, 0, 3, 1], "texture": "#missing"},
				"up": {"uv": [14, 10, 15, 13], "texture": "#0"},
				"down": {"uv": [14, 13, 15, 10], "texture": "#0"}
			}
		}
	],
	"gui_light": "front",
	"display": {
		"thirdperson_righthand": {
			"rotation": [90, 0, 0],
			"translation": [0, 3, 5],
			"scale": [0.55, 0.55, 0.55]
		},
		"thirdperson_lefthand": {
			"rotation": [90, 0, 0],
			"translation": [0, 3, 5],
			"scale": [0.55, 0.55, 0.55]
		},
		"firstperson_righthand": {
			"rotation": [60, 0, 90],
			"translation": [0, 0.5, -3.75]
		},
		"firstperson_lefthand": {
			"rotation": [60, 0, 90],
			"translation": [0, 0.5, -3.75]
		},
		"ground": {
			"rotation": [90, 0, 0],
			"translation": [0, 2, 4],
			"scale": [0.5, 0.5, 0.5]
		},
		"gui": {
			"rotation": [90, 0, 0]
		},
		"fixed": {
			"rotation": [90, 0, 0],
			"translation": [0, 0, 8]
		}
	},
	"groups": [
		{
			"name": "left",
			"origin": [0, 0, 0],
			"color": 0,
			"children": [0, 1, 2, 3, 4]
		},
		{
			"name": "right",
			"origin": [0, 0, 0],
			"color": 0,
			"children": [5, 6, 7, 8, 9]
		}
	]
}